Password reset I need to reset password,Password_reset
Pass change I need to reset pass,Password_reset
Reset Pass My password is expired,Password_reset
Expired password reset my password please,Password_reset
Help resetting password I need to reset my password,Password_reset
Pass change Help I need to change my password says Reset needed,Password_reset
Reseting my pass Hi I need help with resetting my password,Password_reset
Change of password Hi I need to change my password,Password_reset
Change Pass I need to change my login including my password,Password_reset
Update Password I need to update my login credentials,Password_reset
Change urgent login I need to change pass,Password_reset
Pass not working I need to reset my login,Password_reset
Help with password Can you help me with resetting my password I cannot login,Password_reset
Login updating I need to update my password and username,Password_reset
Username not working When I try to log in I get error Password has to be reset,Password_reset
Update login I need help to update password and login name,Password_reset
Update Password Help me with resetting my password Pass not working,Password_reset
Login not working Help me my password of login name not correct,Password_reset
Login fail I fail when I try to login My password has to be reset,Password_reset
Not connecting Password fails when I try to connect Reset my password please,Password_reset
Fail to access website When I try to login I get an error to reset password,Password_reset
Fail to log urgent in Hi I can not log in with my name and password,Password_reset
Login not working Hello Please help me to change my password,Password_reset
Password reset Hello I need to change my pass and login name,Password_reset
Pwd not working urgent Hi my password fails can you reset my pwd,Password_reset
Change login Hi there I cannot log in and I think I need to reset my pass,Password_reset
Password reset I want tot reset pass please,Password_reset
pass Reset pass please,Password_reset
Password reset help with resetting pass,Password_reset
pass change change pass please,Password_reset
Change pass Please assist in resetting pass,Password_reset
Password reset Hello Ive been locked out of my account and need to reset my password Can you help,Password_reset
Reset Hello I would like to change my password prease,Password_reset
Resetting password Hi I wonder if I can change my paasword as it is not working,Password_reset
Unable to login Hello I cannot login to the computer What should I do,Password_reset
pass reset Reset pass password unable not able login password name pass password password,Password_reset
Password reset Hello Im having trouble signing into my account Could you reset the password for my account Kind Regards,Password_reset
I got the error message Password outdated Need to reset it What should I do,Password_reset
Could you fix my password for me I need to reset it,Password_reset
Hello it seems I have forgotten my password After three tries it has locked me out of my account Can you please help me unlock it and reset my password,Password_reset
Access denied what does this mean Give me access,Password_reset
My pass is not working anymore when I try to access my laptop please help,Password_reset
Hello there When I try to access my email I get an error saying the login is wrong do I need to change my info,Password_reset
Hello I cannot access the web site when I try to log on it tells me it doesnt accept it,Password_reset
Hello My email is not working and when I try to use it a box appears saying my credentials are not correct,Password_reset
Hi Malta I registered for the training 9982346 When I try to log in it says my password has expired May you reset my pwd,Password_reset
Unable to login I cannot use my password,Password_reset
Pass reset Reset my password,Password_reset
change pass Hi I need to change pass,Password_reset
Change login Hi there I cannot log in and I think I need to reset my pass,Password_reset
cannot login Hello I cannot access my account anymore Please help me reset my login details,Password_reset
Password reset Hello Ive been locked out of my account and need to reset my password Can you help,Password_reset
Unable to login Hello I cannot login to the computer What should I do,Password_reset
Unable to log in I cannot log in to my email,Password_reset
Transfer employee Hi I need to transfer a hire to the office in Leiden,Employee_transfer
Move employee Hi I need to transfer Berit to the office in Leiden,Employee_transfer
Employee Moving I would like to transfer Anna to the office in Amsterdam as she is moving,Employee_transfer
Transfer office Hi Im moving to the Hague and need to move office,Employee_transfer
Help with employee transfer Hi I would need help to move one of my employees to the Dublin office for tomporary work,Employee_transfer
Transfer Hi I need to transfer an employee to Amsterdam office please assist,Employee_transfer
Employee move I need to move two employees from office Amsterdam to Paris Office,Employee_transfer
Transfer from Paris to Amsterdam I need to transfer an employee can you please assist in this,Employee_transfer
Transfer intern Hi I need to transfer an intern to Utrecht Office,Employee_transfer
Transferring a new hire We need to transfer a new hire to the Utrecht office.,Employee_transfer
Moving to Amsterdam Hi Im moving to Amsterdam and need to transfer to the local office,Employee_transfer
Change office Hi I need to change office as Im transfering to Paris,Employee_transfer
Change city I need to transfer to Paris office as Im moving there,Employee_transfer
Employee transfer Hi I need to change Eva from Utrecht to Paris office as she is moving,Employee_transfer
Change employee Please transfer employee to an office close to Paris as she has jobs there,Employee_transfer
Transfer employee Hello I have to ask to transfer Petra as she has a temporary client in Amsterdam,Employee_transfer
Employee transferring Hi I would like to ask to transfer Hanna as she has a client in Paris,Employee_transfer
Transfer of employees Hi I need help in setting up a transfer of two employees,Employee_transfer
Employees moving Hi I need help in transfering three employees to Paris as they have a long running client there,Employee_transfer
Transfer to Utrecht office Hi I need to transfer to the utrecht office,Employee_transfer
Employee moving transfer Hi one of my employees is moving to Berlin and need to transfer office,Employee_transfer
Transfer of employee Hi We need to transfer an employee internally,Employee_transfer
Help with transfer Hi can you assist in transferring an employee,Employee_transfer
Employee transfer move employee transfer from to office moving,Employee_transfer
Employee move We need to transfer one of our employees to the new office in Rotterdam What is the procedure for this,Employee_transfer
transfer this guy Please transfer my colleague to a different group,Employee_transfer
Transfer Hello Id like to transfer to the dark side of the Moon Accenture office What is the procedure to follow,Employee_transfer
Dear HR Our employee Max Mustermann will be leaving by end of the month Could you please send me information what needs to be done Sincerely,Employee_transfer
Hello I would like to transfer Dan from our local IT Service Team to the Global Team can send me necessary procedures,Employee_transfer
Dear HR Please prepare formal documents for five people being let go Thank you,Employee_transfer
We need help organizing a workspace and the right equipment for a new intern who will be joining our team in January Please can you help us with thois request,Employee_transfer
Hey half of out team is transfering to the new office in a few weeks Please can yuo help us set up all of the necessities,Employee_transfer
Please assist in Jan Onderwaters from the DevOps team to the AI team He will be needing assistance with setting up his new workplace Thanks,Employee_transfer
I request to transfer one Lina Efraimsdotter from sales to development Employee has confirmed necessary has been done Grateful for help in this matter Thanks,Employee_transfer
Transfering to Singapore Please send the necessary documents asap Best,Employee_transfer
Moving urgent to Barcelona Hello I have to transfer to the Barcelona office by the end of this month I hope you can help me in setting up the transfer,Employee_transfer
Hi there Unfortunately Dean Rajesh has decided to accept a new opportunity externally We would like to make sure that there is a smooth transfer Please help,Employee_transfer
Employee transfer We need to move Ylva to Nairobi for 3 months at the moment she is in London Necessary has been done,Employee_transfer
Urgent move to Brazil Hi I was wondering if it is possible to transfer office to Brazilia as I need to be there for 6 months Thank you for this request,Employee_transfer
We have a person moving and we need to change teams for her Please advise on how to set this up,Employee_transfer
Hi there Unfortunately Dean Rajesh has decided to accept a new opportunity externally We would like to make sure that there is a smooth transfer Please help,Employee_transfer
Can you please help Bono Presley with a smooth transfer He has handed in his resignation letter a week ago and has not heard bacl,Employee_transfer
Hi Bob decided to leave us Can you get in contact with him and clear any issues,Employee_transfer
Hola I have a recent hire I dont know what to do with His expertice is in applied Informatics and I just dont know if that is what we do here I have talked with Eva Haraldsson and she is more than happy to have such an experienced teammate Could you transfer Lucas Olofsson to the emerging technologies department Many thanks,Employee_transfer
Upcoming move Hi Im moving to Paris next month and need to the new office there,Employee_transfer
Upcoming transfer Hello I would like to inform you of an upcoming transfer Bob John will be transferred from the group in Barcelona to Madrid,Employee_transfer
Employee move I have an employee that has to change office,Employee_transfer
Move of worker Please transfer one to amsterdam office,Employee_transfer
Transfer employee Hi we have an employee moving,Employee_transfer
Employee move Dear Sandra We need to transfer one of our employees to the new office in Rotterdam What is the procedure for this,Employee_transfer
Moving to a new location Hi I am moving to the new office in LaLaLand and am wondering about the procedures,Employee_transfer
Transfer to new office Hi I have two employees who are transfering to the new office in Haarlem could you please assist us,Employee_transfer
Contact past employee Hi Regretfully one of our employees has decided to hand in her resignation Can youget into contact with her to clear any,Employee_transfer
Location change Dear sir one of our employees is moving to a new location and wonder how to set up working from home,Employee_transfer
PTO Request Hi I request to take PTO in february for a ski trip,PTO_request
Vacation request Hi I request leave from 23rd to 30th of June for vacation,PTO_request
Request for PTO Hi I need to go to Sweden for a wedding on the 3th of July I hope this is not a problem,PTO_request
PTO I need PTO in July,PTO_request
Leave for traveling Hi will travel for two weeks in March when can I take PTO,PTO_request
Vacation in July Hi I wish to take PTO from July 3 to July 18.,PTO_request
Summer PTO I want to have a vacation for 3 weeks in July or August When would work best for you,PTO_request
PTO in winter I want to request pto for christmas as I will celebrate it with my family,PTO_request
summer holiday Hi the summer is coming up and I need PTO between June 28 and July 28,PTO_request
Pto in September Hi I need PTO first week in September,PTO_request
Two weeks vacation in July hi I need two weeks PTO in July which dates would work best,PTO_request
Vacation in October Hi I wish to take a vacation for three weeks in October which dates works best,PTO_request
PTO request Please approve vacation time in July between 3rd and 14th,PTO_request
PTO Hi PTO in July or August for 4 weeks please,PTO_request
Request for vacation hi I request a four week vacation in September and October,PTO_request
PTO in December Hi I wonder what dates works best for a vacation in December for two weeks,PTO_request
Requesting vacation Hi I would like to take a vacation in April to visit my family for 5 days,PTO_request
Holiday season Hi I need a vacation for three weeks in March,PTO_request
April vacation Hi I need PTO for April between 4th and 24th,PTO_request
Vacation in winter I have a ski trip in March and require PTO between 5 and 14 March,PTO_request
Vacation PTO hi I would like to have PTO for vacation in June,PTO_request
PTO for travelling hi I would like to take a leave of 3 weeks in june which dates are best,PTO_request
Vacation request Hello I would like to as for vacation time from the 4th of may to the 2nd of June,PTO_request
Urgent PTO request Hi I need to take 13th of June off sorry for the short notice,PTO_request
Vacation leave Hi I need PTO the whole of March for travelling,PTO_request
Leave of absence Hello I would like to request vacation time in June Which weeks would be best for the team Yours Peter,PTO_request
PTO in August Hello I would like to have a vacation in August between the 3rd and 15th I hope this is not a problem,PTO_request
pto required I ask to take leave from January 2nd to January 20th,PTO_request
I want vacation Dear employer I would like to get PTO,PTO_request
unlimited PTO Hello Can I get unlimited PTO for the rest of my life Thank you,PTO_request
holiday request Hey I would like to get off on February 15 20,PTO_request
Request for time off Hi Id like to take 2 months off to go travel the world How can I do that Thanks,PTO_request
Hi Is it possible to take vacation from 21st September to 14th October Otherwise please send me alternative dates Thanks,PTO_request
Dear HR I hereby request to take PTO during the first two weeks of June Sincerely,PTO_request
Hi I would like to take some weeks off during summer can you send me the available dates Best,PTO_request
Hi Can you confirm my holidays plan sent to you earlier Its from 13th April until the 23th Cheers,PTO_request
Dear HR Can you please cancel my planned vacation during June I will come back with a new request Best regards,PTO_request
Hello I would like to request some time off from November 1st to 13th My supervisor has already given his approval Please let me know if there are any issues Kind regards,PTO_request
Hi I would like to put in a request for PTO from the 10th of June until the 25th of June Best,PTO_request
Can I get some PTO for this June Please and thaknks,PTO_request
As you know my wedding is coming up in July I would like to request a leave between the 1st of July and the 30th of July for the wedding and honeymoon I have talked with my supervisor and it shouldnt be a problem Yours Matte Melkersson,PTO_request
I haven't received a response from you in five days I NEED a response by Thursday the latest I have tickets to book and a house to rent Again my vacation request is for September 4 to September 19,PTO_request
Hello there I havent had any posibility for time off in a while and I am wondering when it would work for the team. Im hoping for some free time in June if that works for you,PTO_request
Dear sir I would like to ask for permission to take leave for a few months to take care of my sick father,PTO_request
Urgent skiing request Hi Im sorry to ask this with such short notice but I just saw the weather report in Hokkaido and theyve had 1 meter of snow in the last three days I do not have any urgent projects Please accept a 4 day leave starting tomorrow,PTO_request
Pto Hello I want some pto in august,PTO_request
Travel to southern France Hi I need time off to have a week vacation in Lyon,PTO_request
Vacation request Hello I desperately need a break from work Can I take some PTO in two weeks,PTO_request
Request Im going to New York for some time off And I have got lots of baggages to transfer with my departure Can you permit my vacation,PTO_request
Travel to America I need time off to travel in the USA,PTO_request
Leave in may I want a vacation can you please approve,PTO_request
PTO in August Hello I would like to have a vacation in August between the 3rd and 15th I hope this is not a problem,PTO_request
Pto request Asking for leave to not be at work,PTO_request
Extended vacation I previously asked for and got confirmation for leave for 3 weeks in June Is it possible to extend my vacation to 4 weeks,PTO_request
Leave in June Hi I was wondering if I could take 3 weeks of leave in june to take a road trip in Luxembourg,PTO_request
Training request Hi I need training in Excel which courses are available,Training_request
Training in programming Hi for my next project I need training in object oriented programming,Training_request
Courses available Hi Our team needs training in presentation skills please advise,Training_request
Course in Dublin Hi I have training in Dublin the 23rd of May please advice in what to do,Training_request
Class in IT hi I have a compulsory course in IT security where can I take it,Training_request
Security training Hello I would need training in security subsystems as per email,Training_request
Language course I need training in Dutch I have spoken with my Career counselor,Training_request
Hi I was wondering if there is a course in hand holding in Amsterdam in the following weeks,Training_request
First course in Quechua Hi I need to learn some basic Quechua as I will do a project in Peru Can you help me with this training,Training_request
Mindfullness training Hi I request training in mindfullness,Training_request
Retreat for training Hi me and my team are planning a training retreat for the end of March in Genoa what are the procedures to set this up,Training_request
Training request Hi I need training in blackmailing,Training_request
Software training request Dear HR I would like to take some courses in object oriented software development Who should I talk to about this training request,Training_request
Hi Mark I got an email with details on an upcoming scrum master training here in Amsterdam I thought it might be a good idea to attend this training for myself and with regards to the ISLAND development I asked my career counselor Victoria his opinion and he agreed So if its okay with you I would like to attend this training the 24th and 25th of April,Training_request
Hi I want to attend the conference for Emotional Intelligence in Leadership Please set up travel and hotel,Training_request
Dear HR I would like to request training in the following subjects project management system development Urdu and Linux systems I would like to do it before the 25th of October,Training_request
Training again Which courses are still available in software engineering,Training_request
Extra training in Agile development Hi I would need some extra training in Agile development as it relates to my work,Training_request
Course offered at Leiden Hi I saw a course in emonometrics at Leiden University can I take it through my training programme,Training_request
Course in training Hi I need training in course on bananas please assist,Training_request
Finding a course in Math Hello I found a course in math that is good for my training,Training_request
Devops course Hello I need training in developing operatons which courses are available,Training_request
Available Courses in Software Hi I need course in Software what is available,Training_request
Design course I saw a design course that is good for my professional development how do I sign up,Training_request
Java training Hello I am interested in improving my Java development skills which courses are available,Training_request
Course in programming Dear sir I wonder which courses are available in agile programming in March,Training_request
Training in software development Hello Ive seen that there is a course in agile development in London Is it possible for me to take this course,Training_request
Training request HI Id like to be trained in Kung Fu can you sign me up for some lessons Thanks,Training_request
To be able to complete my assigned tasks in system development I need to take a course in Software development What are the training possiblilities when it comes to this,Training_request
Fishing course I was wondering if you offer any courses in fishing as I will take my mother fishing in Alaska soon,Training_request
Training retreat in Sweden Hi I would like to go to the two day training retreat focused on Webinar developed in agile environment which dates are still available Regards Helen,Training_request
Presentation training Hi I would like to enquire what courses in presentation skills are available A course in this would be beneficial to me Thank you Harald,Training_request
Good sir I would like to enroll for the training the Friday Please let me know if there is any room left Thank you and good by,Training_request
I would like to go to the TA school coming june Would it be okay of I enroll Best This Guy,Training_request
After yesterdays fiasco I feel as if my presentation skills are not on par with my coworkers I would like to receive training in this before another accident happens Humbly,Training_request
I would like to sign up for external training courses at the local university Is this possible,Training_request
Training request in baking hi Ive watched a blog about baking and wonder if there is training available for that,Training_request
Place to study Carthography Hello where chan I take a course in cartography This is needed for a recent project and training in it would be helpful,Training_request
Hi I wonder if there is any possibility to take a training course in the training request software,Training_request
Hi again we talked a whhile ago about training Could you refrech me on which courses are available again Thank you,Training_request
Hi Our team wants to go to Zurich for the orientation in high performance in the digital world Can you please approve Thank you,Training_request
Dear HR team please can I sign up for the architecture schiool taking place in Madrid from May 6th to May 10th My manager has approved already,Training_request
To whom it may concern I just joined the company two months ago and I am interested in attending the analyst school in Bangalore in Febaury Are there still slot available for this session,Training_request
Courses in agile Hi where can I find information about courses in agile programming,Training_request
Which course do you propose for AI as I need learning in it,Training_request
Course In danish I need to take a course in danish next week,Training_request
Course in French French class please what courses do you have,Training_request
Training my informatics skills Dear Vega I talked with my CC about training in informatics I have a project coming up where this course would be useful What is available,Training_request
Training Do you have courses in training,Training_request
Development courses Hi I want to have some training in agile development please,Training_request
Training in software development Hello Ive seen that there is a course in agile development in London Is it possible for me to take this course,Training_request
Getting better at speeches Hi I wonder if there are any material I can read or study to improve my public speaking,Training_request
Training urgent Request Hello I would like to attend the training Design Thinking on 2nd of June 2017 Please approve my training request Thanks,Training_request
Training Hi I would like to do the Training next Week in London,Training_request
Training in python Hi I was wondering if there is a course in python programming focusing on object oriented programming,Training_request
